sku,name,price,description,image_file
TF-HOODIE-001,Black Marble Hoodie,89.99,Premium black hoodie with unique marble wash effect,251030_Black_Marble_Hoodie_Web-Res.jpg
TF-SHORTS-001,Black Marble Shorts,69.99,Matching black shorts with marble wash effect,251030_Black_Marble_Short_Web-Res.jpg
TF-TEE-001,Blocky Letters Terry Tee,65.99,Purple terry cloth tee with blocky letter design,251030_Blocky_Letters_Terry_Tee_Web-Res.jpg
TF-BEANIE-001,Chunky Pom Pom Beanie,26.99,Multi-colored beanie with chunky pom pom detail,251030_Chunky_Pom_Pom_Web-Res.jpg
TF-SWEATER-001,I'm Hot Firetruck Sweater,85.99,Black sweater with playful firetruck graphic,251030_Im_Hot_Firetruck_Sweater_Front_Web-Res.jpg
TF-CARDIGAN-001,Little Print Pointelle Cardigan,45.99,White cardigan with strawberry pattern,251030_Little_Print_Pointelle_Cardigan_Web-Res-v2.jpg
TF-SHORTS-002,Little Print Pointelle Shorts,35.99,Matching shorts with strawberry pattern,251030_Little_Print_Pointelle_Short_Web-Res-v2.jpg
TF-TANK-001,Little Print Pointelle Tank,30.99,White tank top with strawberry pattern,251030_Little_Print_Pointelle_Tank_Web-Res-v2.jpg
TF-HOODIE-002,Dark Knight Hoodie,75.99,Black hoodie with Dark Knight themed design,250925_TeddyFresh_Dark-Knight-Hoodie_SQUARE.jpg
TF-TEE-002,Oh God Tee,36.99,Fun graphic tee with playful design,250925_TeddyFresh_Oh-God-Tee_SQUARE.jpg
TF-BEANIE-002,Patchwork Beanie,28.99,Cream colored beanie with patchwork design,250925_TeddyFresh_Patchwork_Bea-Cream-Front_SQUARE.jpg
TF-SHORTS-003,Cloud Shorts,62.99,Blue shorts with cloud dye effect,250804_TeddyFresh_Cloud_ShortsSQUARE.jpg
TF-RING-001,TF Ring,19.99,Stylish Teddy Fresh ring accessory,250804_TF_Kids_CountryBear_Shirt_Front_SQUARE.jpg
TF-KIDS-001,Kids Country Bear Shirt,25.99,Kids shirt with country bear design,250807_TF_Kids_CountryBear_Shirt_Front_SQUARE.jpg
TF-KIDS-002,Kids Country Bear Shorts,22.99,Kids shorts with country bear design,250807_TF_Kids_CountryBear_Shorts_Front_SQUARE.jpg
TF-DRESS-001,Scallop Trim Dress,68.99,Blue dress with decorative scallop trim,Scallop_Trim_Dress_SQUARE.jpg
TF-DRESS-002,Plaid Dress,85.99,Stylish plaid patchwork dress,plaid_dress.jpg
TF-PANTS-001,Pleated Corduroy Pants,75.99,Green pleated corduroy pants,pleated_corduroy_pants.jpg
TF-SHIRT-001,Plaid Woven Shirt,65.99,Multi-colored textured fabric shirt,TF_Plaid_Woven_Shirt_Front_SQUARE.jpg
TF-JACKET-001,Sketches Tapestry Puffer,146.99,Multi-colored puffer jacket with tapestry design,TF_Puffer-Front_SQUARE.jpg
TF-DRESS-003,Little Print Denim Dress,78.99,Denim dress with little print details,TF_Little_print_denim_dress_SQUARE.jpg
TF-TEE-003,Classic Pocket Tee Black,23.99,Classic black tee with pocket detail,TF23T71-CLASSIC-POCKET-TEE-BLACK-FRONT.jpg
TF-TEE-004,Classic Pocket Tee Blue,23.99,Classic blue tee with pocket detail,TF23T71-CLASSIC-POCKET-TEE-BLUE-FRONT.jpg
TF-TEE-005,Classic Pocket Tee Green,23.99,Classic green tee with pocket detail,TF23T71-CLASSIC-POCKET-TEE-GREEN-FRONT.jpg
TF-TEE-006,Classic Pocket Tee Purple,23.99,Classic purple tee with pocket detail,TF23T71-CLASSIC-POCKET-TEE-PURPLE-FRONT.jpg
TF-HOODIE-003,Classic Zip Hoodie Navy,63.99,Navy zip-up hoodie with classic fit,TF23FL78-CLASSIC-ZIP-HOODIE-NAVY-sq.jpg
TF-HOODIE-004,Classic Zip Hoodie Olive,63.99,Olive zip-up hoodie with classic fit,TF23FL78-CLASSIC-ZIP-HOODIE-OLIVE-sq.jpg
TF-HOODIE-005,Classic Zip Hoodie Tan,63.99,Tan zip-up hoodie with classic fit,TF23FL78-CLASSIC-ZIP-HOODIE-TAN-sq.jpg
TF-TEE-007,Classic Washed Tee Grey,22.99,Classic grey tee with washed finish,TF25K102GREYFRONT.jpg
TF-TEE-008,Classic Washed Tee Black,22.99,Classic black tee with washed finish,TF25K102FRONTBLACK_5f66ecf1-bba2-4725-9bc5-fe7e3e0947dd.jpg
TF-TEE-009,Classic Washed Tee Blue,22.99,Classic blue tee with washed finish,TF25K102BLUEFRONT_2ed51cce-f449-404f-97a4-0139bce74cae.jpg
TF-TEE-010,Classic Washed Tee Green,22.99,Classic green tee with washed finish,TF25K102FRONTGREEN_b87f34e5-81ec-4a4a-9d16-256fde306a9f.jpg
TF-POCKET-001,Classic Pocket Tee Black,23.99,Black tee with pocket and washed finish,TF25K103FRONTBLACK.jpg
TF-POCKET-002,Classic Pocket Tee Green,23.99,Green tee with pocket and washed finish,TF25K103FRONTGREEN_dbe67f37-0ef7-489b-a4e7-90a50865b85f.jpg
TF-POCKET-003,Classic Pocket Tee Pink,23.99,Pink tee with pocket and washed finish,TF25K103PINKFRONT_1654fdb5-357b-480a-b544-f899ddce2764.jpg
TF-HOODIE-006,Classic Boxy Hoodie Black,63.99,Black boxy fit hoodie with washed finish,TF25K106FRONTBLACK_5a8c8c8d-75b2-444a-a47b-d0f5e352b8a5.jpg
TF-HOODIE-007,Classic Boxy Hoodie Blue,63.99,Blue boxy fit hoodie with washed finish,TF25K106FRONTBLUE_cda763f1-9ae1-42da-9898-980ab5202a02.jpg
TF-HOODIE-008,Classic Boxy Hoodie Green,63.99,Green boxy fit hoodie with washed finish,TF25K106FRONTGREEN_c1f83369-d3f0-4be9-91d1-0fdde4257bb7.jpg
TF-PANTS-002,Classic Sweatpants Black,56.99,Black sweatpants with washed finish,TF25K110-BLK-SQUARE.jpg
TF-PANTS-003,Classic Sweatpants Blue,56.99,Blue sweatpants with washed finish,TF25K110-BLUE-SQUARE.jpg
TF-PANTS-004,Classic Sweatpants Green,56.99,Green sweatpants with washed finish,TF25K110-GREEN-SQUARE.jpg
TF-BAG-001,Metallic Bear Bag,80.99,Silver metallic bag with bear design,bag.jpg